finalizer,terminated_at_pow,in_roster_at_cutoff,mirror_of,bft_eligible,bft_signed,bft_sign_rate_pct,roster_first_bft,roster_last_bft,bonds,bonds_active,bonds_burned,bonds_unbonding,bonds_withdrawn,principal_ctaz,value_ctaz,accrued_ctaz,active_value_ctaz,active_stake_share_pct,burned_value_ctaz,burned_accrued_ctaz
fe8734cd0a2e8de4a0cdcc57500dafe8baceaecb9a7a2b53ba878969afd14a03,,True,034ad1af698987ba532b7a9acbaecebae8af0d5057cccda0e48d2e0acd3487fe,125952,125488,99.63,258,126209,1702,1700,0,0,2,680570.66,1824501.12696811,1143930.46696811,1824493.94235977,32.1225,0.0,0.0
aa0d7c0be893c8306053030a4cfefda15ba1f5dfbad1dfe2694531a2b918585a,,True,5a5818b9a2314569e2dfd1badff5a15ba1fdfe4c0a03536030c893e80b7c0daa,123952,112348,90.64,2258,126209,602,601,0,1,0,387904.4,811677.69928531,423773.29928531,811627.69097653,14.2897,0.0,0.0
647ef7d85182e424352a19180c179718714f11f9038daf30f403fc3ce1fd93bb,,True,bb93fde13cfc03f430af8d03f9114f711897170c18192a3524e48251d8f77e64,119414,96617,80.91,6796,126209,1195,1195,0,0,0,412051.04,535458.13178305,123407.09178305,535458.13178305,9.4274,0.0,0.0
45833df6edf198f8d39a2cd50ac0b5cf6800cbac8a3ceae5082f5378bdc5cb91,,True,91cbc5bd78532f08e5ea3c8aaccb0068cfb5c00ad52c9ad3f898f1edf63d8345,114264,103103,90.23,11946,126209,2511,2511,0,0,0,303445.09,386376.13082773,82931.04082773,386376.13082773,6.8026,0.0,0.0
e27c42be55137f8f2016aad25392f3bd60319a30bee0f5cfabec2a292bd26176,,True,7661d22b292aecabcff5e0be309a3160bdf39253d2aa16208f7f1355be427ce2,125943,88413,70.2,267,126209,313,313,0,0,0,235665.63195,325828.82541855,90163.19346855,325828.82541855,5.7366,0.0,0.0
1e62d8b43cf12ed049506b8ac8eabbdc51e0c51eea8f191ab7335ed529664469,,True,69446629d55e33b71a198fea1ec5e051dcbbeac88a6b5049d02ef13cb4d8621e,118731,71864,60.53,7479,126209,151,151,0,0,0,149003.1,265809.86348502,116806.76348502,265809.86348502,4.6799,0.0,0.0
b8c5272fe6d34980ba6e8aa88d65a6cbf3daabaabea80bdd51a5a5d3bce30c9e,225000,False,,8771,1327,15.13,469,9239,159,0,159,0,0,7270.8,189458.71316031,182187.91316031,0.0,0.0,189458.71316031,182187.91316031
857d2d91f1306b5cf91c5ad344071fb889c8a55e90af98bf39e7204ad9f8b3b8,,True,b8b3f8d94a20e739bf98af905ea5c889b81f0744d35a1cf95c6b30f1912d7d85,123934,87713,70.77,2276,126209,165,165,0,0,0,123210.01,185165.24978548,61955.23978548,185165.24978548,3.2601,0.0,0.0
dc82a1e46bd774855d0afe2ebfea94e1bcb1356ab1ae0ffc355293daf3443b49,,True,493b44f3da935235fc0faeb16a35b1bce194eabf2efe0a5d8574d76be4a182dc,126205,106270,84.2,0,126209,37,36,0,0,1,16639.02,182431.62703559,165792.60703559,182429.60246594,3.2119,0.0,0.0
612fc6bd5594ac0dac4d15ad90859d6594bdcd1dec8fbe5fd42904681617a614,,True,14a61716680429d45fbe8fec1dcdbd94659d8590ad154dac0dac9455bdc62f61,126205,105730,83.78,0,126209,34,32,0,0,2,14673.02,178693.17672183,164020.15672183,178595.57025167,3.1444,0.0,0.0
9401f1507ccd8f3190ad81e537b838aa12386cb0d014c3d7c2a68f663c1356e0,,True,e056133c668fa6c2d7c314d0b06c3812aa38b837e581ad90318fcd7c50f10194,126204,100020,79.25,0,126209,42,41,0,0,1,14635.12,172062.90772873,157427.78772873,171945.93418264,3.0273,0.0,0.0
e70f90bdb6d35137a1f160752c4e3f5f16d30d987b23851b5380d6abebdc75f8,,True,f875dcebabd680531b85237b980dd3165f3f4e2c7560f1a13751d3b6bd900fe7,126206,101599,80.5,0,126209,42,42,0,0,0,2586.22,159183.05120913,156596.83120913,159183.05120913,2.8026,0.0,0.0
0b873d536dccf5955cbaec0a2057dbc7d42c55e8a64d8167e34870338f0e83a2,,True,a2830e8f337048e367814da6e8552cd4c7db57200aecba5c95f5cc6d533d870b,44668,31908,71.43,81542,126209,149,149,0,0,0,102822.0,155871.49676198,53049.49676198,155871.49676198,2.7443,0.0,0.0
a9968c405a09224cd416cd96ca172c8b1e3f9d69ad289f8050d91f78f845093e,,True,,99418,83225,83.71,26792,126209,2656,2656,0,0,0,87198.038075,120063.16018585,32865.12211085,120063.16018585,2.1139,0.0,0.0
22a05fd8a931a2df6cfd8a3c7e5fd0a321ce656770c4c694441b93f95a015bfe,,True,fe5b015af9931b4494c6c4706765ce21a3d05f7e3c8afd6cdfa231a9d85fa022,125952,70088,55.65,258,126209,146,146,0,0,0,45683.1,110835.99794463,65152.89794463,110835.99794463,1.9514,0.0,0.0
2cf7e8bda2dc6590de1d065f75c9acad932dceb1f3a83b9df40ad1ff52235ba9,,True,,124716,50540,40.52,1494,126209,97,97,0,0,0,70781.0,85379.08410116,14598.08410116,85379.08410116,1.5032,0.0,0.0
22d586eba970a072d0b27abc854db85b817a7df6078280ba107523910d1bcbb2,658200,False,b2cb1b0d91237510ba808207f67d7a815bb84d85bc7ab2d072a070a9eb86d522,124346,67838,54.56,14,125563,8,0,6,0,2,4200.02,82335.84003104,78135.82003104,0.0,0.0,81736.23704721,77536.23704721
b84f79fec05471b764afdbcaca89e10822d23496f8118a6acec40cb578cb9a87,658200,False,,125282,1803,1.44,282,125563,74,0,73,1,0,1513.1,67922.96676498,66409.86676498,0.0,0.0,67879.79331316,66367.69331316
1c3ceaa7588e52c1efadd97d42b478704e37270a65409bb86098a908724a2e57,,True,572e4a7208a99860b89b40650a27374e7078b4427dd9adefc1528e58a7ea3c1c,125747,76806,61.08,463,126209,92,92,0,0,0,26674.1,60682.15910462,34008.05910462,60682.15910462,1.0684,0.0,0.0
470f641807b259dfc5929177ad91db7057b08af112815296538cafc2dc63fa39,,True,39fa63dcc2af8c5396528112f18ab05770db91ad779192c5df59b20718640f47,123889,78682,63.51,2321,126209,298,298,0,0,0,38400.0,57891.28504477,19491.28504477,57891.28504477,1.0193,0.0,0.0
1898df3c70c24294e3d0318ed135c36300e84442d201d87ad362f77ee9fad4bc,,True,,74242,59902,80.68,51968,126209,126,126,0,0,0,40149.0,45090.41161578,4941.41161578,45090.41161578,0.7939,0.0,0.0
79ce78ee4b5ce05b0fe11213941c4ed1584b09e57e6f15135006a46f2d98172c,655350,False,,123653,25050,20.26,1248,124900,8,0,8,0,0,620.0,14585.39203171,13965.39203171,0.0,0.0,14585.39203171,13965.39203171
dc0301ff6e5b6d17d9d36c68d32a8e914b3c572618414a27cdb6464f1a656d86,655350,False,,124512,502,0.4,389,124900,16,0,16,0,0,97.0,11166.03334073,11069.03334073,0.0,0.0,11166.03334073,11069.03334073
d6fe3f65d857df1c760e5d1ac7cca2f08b1ce58368336beef385468cb51710d0,,True,d01017b58c4685f3ee6b336883e51c8bf0a2ccc71a5d0e761cdf57d8653ffed6,115335,78665,68.21,10875,126209,10,10,0,0,0,10140.0,10623.94654649,483.94654649,10623.94654649,0.187,0.0,0.0
c3955f6a5fc9d045e8c97e36fcbfca8cb09ac0b1eb8d8cfc2651548e0309b828,655350,False,,124243,0,0.0,658,124900,20,0,20,0,0,172.01,8498.80120399,8326.79120399,0.0,0.0,8498.80120399,8326.79120399
1f7db9680b7309430d06bcdca0bed248151aae1db7ca58e7e375ca87c220085a,655350,False,,124512,453,0.36,389,124900,6,0,6,0,0,60.0,6943.25068647,6883.25068647,0.0,0.0,6943.25068647,6883.25068647
852cf3f319e7d34555550e1d92b7ad96c4deb4b621cbb99f57f6a290512df1d4,,True,,5380,3158,58.7,120830,126209,23,23,0,0,0,5000.0,6440.55314058,1440.55314058,6440.55314058,0.1134,0.0,0.0
4a9f00a26279f6e9a8f3bfbe979f11d038e05926cff7a05934291ed0f37945aa,655350,False,,124512,75,0.06,389,124900,5,0,5,0,0,50.0,5570.34345745,5520.34345745,0.0,0.0,5570.34345745,5520.34345745
7c8496eb8b217e84cc9a126c30f14b33575715e5c6ee7ef52e228106854a88ee,655350,False,,123528,770,0.62,1373,124900,2,0,2,0,0,101.0,4612.10178365,4511.10178365,0.0,0.0,4612.10178365,4511.10178365
516391b8ad47bfbcef5b77567942602467d804585ee6524323f91919f1a088d5,655350,False,,122604,0,0.0,2297,124900,4,0,4,0,0,400.0,4109.87792988,3709.87792988,0.0,0.0,4109.87792988,3709.87792988
3d6dc9ba51696914d0129cf1c17e0f549d4705b2144308f51fb96d1264a057f2,655350,False,,124243,0,0.0,658,124900,15,0,15,0,0,103.11,4072.09355096,3968.98355096,0.0,0.0,4072.09355096,3968.98355096
942437a8c378399ca87ea9597e928997b1c8362f32adc248aa150b8eed332e12,655350,False,122e33ed8e0b15aa48c2ad322f36c8b19789927e59a97ea89c3978c3a8372494,123701,36,0.03,142,124900,4,0,4,0,0,30.1,1137.10220546,1107.00220546,0.0,0.0,1137.10220546,1107.00220546
b2e5b620c11635454d1ce5bfb498d6788471ae18fa0ab688a02c253c775f5920,655350,False,,124176,385,0.31,725,124900,5,0,5,0,0,14.0,1020.77804707,1006.77804707,0.0,0.0,1020.77804707,1006.77804707
bb93fde13cfc03f430af8d03f9114f711897170c18192a3524e48251d8f77e64,655350,False,647ef7d85182e424352a19180c179718714f11f9038daf30f403fc3ce1fd93bb,121214,0,0.0,531,124900,4,0,4,0,0,13.0,97.70318522,84.70318522,0.0,0.0,97.70318522,84.70318522
41bb68b23315b43395c4a602e43346150bcda914d458e460daceb213c0d4acd8,655350,False,,123705,2501,2.02,1196,124900,4,0,4,0,0,2.11,90.99256533,88.88256533,0.0,0.0,90.99256533,88.88256533
122e33ed8e0b15aa48c2ad322f36c8b19789927e59a97ea89c3978c3a8372494,655350,False,942437a8c378399ca87ea9597e928997b1c8362f32adc248aa150b8eed332e12,104828,0,0.0,20073,124900,4,0,4,0,0,13.0,21.67028852,8.67028852,0.0,0.0,21.67028852,8.67028852
e925e3f60522daf33ce53e992c8c271acfe84ba6455ea27dec4adf025f2f8f88,655350,False,,65643,27251,41.51,59258,124900,1,0,1,0,0,10.0,13.60944186,3.60944186,0.0,0.0,13.60944186,3.60944186
a2830e8f337048e367814da6e8552cd4c7db57200aecba5c95f5cc6d533d870b,,False,0b873d536dccf5955cbaec0a2057dbc7d42c55e8a64d8167e34870338f0e83a2,67582,0,0.0,15038,82619,1,0,0,0,1,10.0,10.00519439,0.00519439,0.0,0.0,0.0,0.0
034ad1af698987ba532b7a9acbaecebae8af0d5057cccda0e48d2e0acd3487fe,658200,False,fe8734cd0a2e8de4a0cdcc57500dafe8baceaecb9a7a2b53ba878969afd14a03,111827,0,0.0,13737,125563,3,0,3,0,0,3.0,4.02081757,1.02081757,0.0,0.0,4.02081757,1.02081757
3eb835d9e242d8699af29ae6bc00c0b2212362f0099be89403fe396a54a8d95a,655350,False,,81362,507,0.62,43539,124900,1,0,1,0,0,1.0,1.47630888,0.47630888,0.0,0.0,1.47630888,0.47630888
d01017b58c4685f3ee6b336883e51c8bf0a2ccc71a5d0e761cdf57d8653ffed6,,False,d6fe3f65d857df1c760e5d1ac7cca2f08b1ce58368336beef385468cb51710d0,36627,0,0.0,68566,105192,1,0,0,0,1,1.0,1.14333514,0.14333514,0.0,0.0,0.0,0.0
405e105fa3c23ec5225bf7b617ebe71229a7fdeeaea6b1ba6b4d715acace901b,655350,False,,12183,0,0.0,112718,124900,1,0,1,0,0,0.01,0.01,0.0,0.0,0.0,0.01,0.0
5a5818b9a2314569e2dfd1badff5a15ba1fdfe4c0a03536030c893e80b7c0daa,655350,False,aa0d7c0be893c8306053030a4cfefda15ba1f5dfbad1dfe2694531a2b918585a,107306,0,0.0,13734,121039,0,0,0,0,0,0.0,0.0,0.0,0.0,0.0,0.0,0.0
69446629d55e33b71a198fea1ec5e051dcbbeac88a6b5049d02ef13cb4d8621e,,False,1e62d8b43cf12ed049506b8ac8eabbdc51e0c51eea8f191ab7335ed529664469,29927,0,0.0,13744,43670,0,0,0,0,0,0.0,0.0,0.0,0.0,0.0,0.0,0.0
572e4a7208a99860b89b40650a27374e7078b4427dd9adefc1528e58a7ea3c1c,,False,1c3ceaa7588e52c1efadd97d42b478704e37270a65409bb86098a908724a2e57,29761,0,0.0,13931,43691,0,0,0,0,0,0.0,0.0,0.0,0.0,0.0,0.0,0.0
9a36055301d9de34d5268d7956ca72f1d6cdc446a1065fb36617ed8eba3e5104,,False,,14,0,0.0,7476,7489,0,0,0,0,0,0.0,0.0,0.0,0.0,0.0,0.0,0.0
39fa63dcc2af8c5396528112f18ab05770db91ad779192c5df59b20718640f47,,False,470f641807b259dfc5929177ad91db7057b08af112815296538cafc2dc63fa39,29701,0,0.0,13998,43698,0,0,0,0,0,0.0,0.0,0.0,0.0,0.0,0.0,0.0
e056133c668fa6c2d7c314d0b06c3812aa38b837e581ad90318fcd7c50f10194,,False,9401f1507ccd8f3190ad81e537b838aa12386cb0d014c3d7c2a68f663c1356e0,29873,0,0.0,13812,43684,0,0,0,0,0,0.0,0.0,0.0,0.0,0.0,0.0,0.0
7661d22b292aecabcff5e0be309a3160bdf39253d2aa16208f7f1355be427ce2,,False,e27c42be55137f8f2016aad25392f3bd60319a30bee0f5cfabec2a292bd26176,48249,0,0.0,2219,50467,0,0,0,0,0,0.0,0.0,0.0,0.0,0.0,0.0,0.0
fe5b015af9931b4494c6c4706765ce21a3d05f7e3c8afd6cdfa231a9d85fa022,,False,22a05fd8a931a2df6cfd8a3c7e5fd0a321ce656770c4c694441b93f95a015bfe,29879,0,0.0,13798,43676,0,0,0,0,0,0.0,0.0,0.0,0.0,0.0,0.0,0.0
f875dcebabd680531b85237b980dd3165f3f4e2c7560f1a13751d3b6bd900fe7,,False,e70f90bdb6d35137a1f160752c4e3f5f16d30d987b23851b5380d6abebdc75f8,29927,0,0.0,13739,43665,0,0,0,0,0,0.0,0.0,0.0,0.0,0.0,0.0,0.0
b8b3f8d94a20e739bf98af905ea5c889b81f0744d35a1cf95c6b30f1912d7d85,,False,857d2d91f1306b5cf91c5ad344071fb889c8a55e90af98bf39e7204ad9f8b3b8,29812,0,0.0,13877,43688,0,0,0,0,0,0.0,0.0,0.0,0.0,0.0,0.0,0.0
b2cb1b0d91237510ba808207f67d7a815bb84d85bc7ab2d072a070a9eb86d522,,False,22d586eba970a072d0b27abc854db85b817a7df6078280ba107523910d1bcbb2,29816,0,0.0,13872,43687,0,0,0,0,0,0.0,0.0,0.0,0.0,0.0,0.0,0.0
493b44f3da935235fc0faeb16a35b1bce194eabf2efe0a5d8574d76be4a182dc,,False,dc82a1e46bd774855d0afe2ebfea94e1bcb1356ab1ae0ffc355293daf3443b49,30409,0,0.0,13234,43642,0,0,0,0,0,0.0,0.0,0.0,0.0,0.0,0.0,0.0
14a61716680429d45fbe8fec1dcdbd94659d8590ad154dac0dac9455bdc62f61,,False,612fc6bd5594ac0dac4d15ad90859d6594bdcd1dec8fbe5fd42904681617a614,29876,0,0.0,13802,43677,0,0,0,0,0,0.0,0.0,0.0,0.0,0.0,0.0,0.0
82d8402c7be9816318064242d731ce82f2c17653528ada97c644840ccc45734d,,False,,168,163,97.02,136,303,0,0,0,0,0,0.0,0.0,0.0,0.0,0.0,0.0,0.0
91cbc5bd78532f08e5ea3c8aaccb0068cfb5c00ad52c9ad3f898f1edf63d8345,,False,45833df6edf198f8d39a2cd50ac0b5cf6800cbac8a3ceae5082f5378bdc5cb91,29819,0,0.0,13866,43684,0,0,0,0,0,0.0,0.0,0.0,0.0,0.0,0.0,0.0
