miner_address,blocks,pct_of_blocks,first_height,last_height,subsidy_zats,fees_zats,total_zats
tmWvWmqRDXAcUy86TNBpL8QMAkAYyA8Uq7t,94393,14.302,523,659999,47196500000000,608850012,47197108850012
tmSHAFNPwN5fshGANifSU73KbfqFGyzJi9F,79151,11.9926,193660,660000,39575500000000,255445000,39575755445000
tmAwCzEGbTLiZY1KkExAzPZp1X98x4dnNia,69766,10.5706,19036,659995,34883000000000,185955003,34883185955003
tmHXPDHGTSnpTySamHBMjnsawHbGBJWQ5Pm,57675,8.7386,219110,542732,28837500000000,384510003,28837884510003
tmUjJxjKZnRuHShGxMHAYdsWFBjXE2Bxq8Z,47922,7.2609,38052,659996,23961000000000,308405000,23961308405000
tmDiXKm6zVgoBCn2A5Yccx74x9MszJa7UjA,45870,6.95,714,543346,22935000000000,320400000,22935320400000
tmRB9AEVsxNAQsqtJPqJUje9KCaAijpS77z,43175,6.5417,1,206353,21587500000000,326750000,21587826750000
tmDri4PQvuYPvTed2AeTmqRKAiNmZEKCNsJ,29516,4.4721,95443,422721,14758000000000,107760000,14758107760000
tmRNSEehBJJ8ggkb3pgnRcghANDm2k4MMfq,22196,3.363,18974,655356,11098000000000,130850003,11098130850003
tmSYot7cDCVxNx3CGpAo7e8XJ4aJGhMRXPH,21183,3.2095,18638,489716,10591500000000,140760000,10591640760000
tmSAS663GLt1S4axhjYjvRF78SfLLbCAeR1,20272,3.0715,215732,659997,10136000000000,149935006,10136149935006
tmSN9LMyeS5ovXdBpz8jdySr1snnt7kQrci,18378,2.7845,181450,655350,9189000000000,90905006,9189090905006
tmYVZ1y7XnYRUQ1bftzN3rkoHr6GxD7wrbJ,13803,2.0914,3505,655331,6901500000000,11590000,6901511590000
tmN227oXVaNDtMRK3KTmRq7pe1imvABrmBS,11905,1.8038,243156,659985,5952500000000,85405000,5952585405000
tmVa6eiqecUEnxzRawctUJYNAUnb15tKPcm,11491,1.7411,347380,659987,5745500000000,78605000,5745578605000
tmTdzdsJmUP4pjAjzMurYq8riGD7pe5MFPf,7709,1.168,495690,659988,3854500000000,50730000,3854550730000
tmW1qupyK6aQMccMUTG5GDsFjXsu3GkoenV,6945,1.0523,460557,659992,3472500000000,44205000,3472544205000
tmXXp8k3iVjUZxrwvGebD4bcGd3sruBw8Je,6637,1.0056,568,657132,3318500000000,70435000,3318570435000
tmN7yhD97GALaDmxqPGdcXx4a15jVzhiHft,6491,0.9835,365554,659986,3245500000000,73335000,3245573335000
tmDQsBQ5zviFRPcgjNFdjZzNwqhVb183uje,6002,0.9094,32277,657472,3001000000000,14380000,3001014380000
tmRgUXqgbUSevYML8vPwSJLtQu61b9gkiKN,4909,0.7438,210815,362640,2454500000000,19405001,2454519405001
tmRKVK5o3ZFww4fAxzRPGiDbswoWYhwTVDr,4599,0.6968,1331,55757,2299500000000,21305000,2299521305000
tmQEof2reTtUfHG8VdwdJMwvaDz4m6uSgVC,3919,0.5938,34998,131168,1959500000000,10775000,1959510775000
tmE7tpsvVC411sSZg6bTxH9jDE7wE5D37pe,3645,0.5523,206563,243116,1822500000000,14065000,1822514065000
tmYQEkpACvHeAiFw7ekKCuF9wL4zqEk7vsE,2989,0.4529,147414,655312,1494500000000,16600000,1494516600000
tmQyqQGr1Bf6FJSTQJjUvTmgzVqvnS7SyKU,2821,0.4274,835,655264,1410500000000,28075001,1410528075001
tmFagdR7V7G5xri4m3C2Vr9XoNQYzjhDUYi,2715,0.4114,21643,619043,1357500000000,10845000,1357510845000
tmZ3hTuiVYCGmTuuWXUWQLFMGe53KX5VBdk,1813,0.2747,536229,659983,906500000000,9210000,906509210000
tmB1cgpGNJSM37XtRXponw6DLA2pAmiccf4,1676,0.2539,30,522690,838000000000,25595000,838025595000
tmHWCtuckxj9dgwumQUW4dcNZSb5dph2MiH,1125,0.1705,2987,336105,562500000000,11090000,562511090000
tmQFk8vawAAb8r4BC9TCctrTeCLXn5r3RGy,1092,0.1655,336192,649419,546000000000,6480000,546006480000
tmQEnD51eU7drRJPvnp5BDR71efDgUVyBku,803,0.1217,729,4223,401500000000,13255000,401513255000
tmS7o6hGySt8nBdjNdzqBRaBwoHgEP6CtSx,628,0.0952,163463,165253,314000000000,95000,314000095000
tmK5MD6iDhtHbV9H9QUKBmp2wf8HmBLwQBH,453,0.0686,662,20808,226500000000,6255000,226506255000
tmAGMehYU2BUiLU5rfLgUyy1fEFkpe9PHqT,403,0.0611,16630,17762,201500000000,3660000,201503660000
tmPrrUEgd7r6urRp9sVTZAH1zdWSLPQSeZJ,386,0.0585,33618,34633,193000000000,8085000,193008085000
tmPerx34ewXoJUBaTd5PN77Mtsn4m54zm6j,384,0.0582,334178,339088,192000000000,1385000,192001385000
tmB3SBZfXRZG4PPqbs2STZ9gTKNJVBXScAa,380,0.0576,18093,19085,190000000000,3135000,190003135000
tmLns3FEaJeip1SYvBKvrggfXW8BKGjhwmf,377,0.0571,2789,4225,188500000000,9340000,188509340000
tmYVT4kRThuuhN9jTq3pibphaT6tRF1fZXP,352,0.0533,648495,655353,176000000000,1415000,176001415000
tmRvZsPuSSGJzxHehKphm9sZXQVMmFi16Gw,347,0.0526,263445,279238,173500000000,175000,173500175000
tmBHXzn3dAUrgsSy1KfVEAxr5nznZkjeZsK,332,0.0503,293725,363687,166000000000,4355000,166004355000
tmFkMbCLKrxmQL4uCs3X3aPv9TV1tDNL2RR,331,0.0502,20180,24462,165500000000,1440000,165501440000
tmGbr5JtrgQW7ANoZhL35WKYZ1QFQxRvVaa,317,0.048,23953,25798,158500000000,1705000,158501705000
tmEsTFaAnsJKhN3WYWzPMeiz1syThmHGVog,291,0.0441,225014,233570,145500000000,555001,145500555001
tmXE9J2MJEyahG1Gtv4xAfuMupYoTnmc5De,272,0.0412,1685,2745,136000000000,4190000,136004190000
tmXa4rrE88c2kay27SFnbkjRbVdr31611uc,188,0.0285,111797,237803,94000000000,2565000,94002565000
tmGurDYtBr8LmuqhPEfpiCPEfMJWs3BYcKF,179,0.0271,2807,20819,89500000000,1280000,89501280000
tmXDyfPiib939zVjkpdQM3vTn5XkKzjB4QQ,154,0.0233,1009,38018,77000000000,4675000,77004675000
tmXFrJMNi66uVeupFQtYwp91YqoSJcVLLPC,150,0.0227,211,910,75000000000,970000,75000970000
tmAvJcYnGAbvXAK2gTjuzNWJAYbXEUQXwFC,147,0.0223,21693,22257,73500000000,1150000,73501150000
tmF2yT1EvqQQYbHdiKJ57ZM1NUD1a5B5gKz,143,0.0217,551,2402,71500000000,2665000,71502665000
tmRMPVKfodLAwbnNhSwC9veHvnHbevHUrDZ,136,0.0206,19541,21478,68000000000,455000,68000455000
tmKUpC3jSfagQZoXYNhGKRvR8o1AiB8z7sX,134,0.0203,661,2473,67000000000,2815000,67002815000
tmSEQ3yfVM7ECprpVW6UDRBeyRnoRh4X1PF,117,0.0177,63,1637,58500000000,940000,58500940000
tmBd7iSm33sYsUrJBnuGVTw2AZU3n2QmvFY,98,0.0148,34900,34997,49000000000,0,49000000000
tmRx6ZW8xEcet3bn5TTK2g21wKKy2rpbfZC,94,0.0142,47,302474,47000000000,1355000,47001355000
tmRZ8eZHzV3oqdwNt1bTYYF4o93bWwiLJya,71,0.0108,574325,575946,35500000000,105000,35500105000
tmGtJcUMpw8QKhnw6i6SHNgReug7JzNWda1,68,0.0103,36185,36477,34000000000,1000000,34001000000
tmFavUWejXyCRZAKY6gmhkMxEyiJMho7iEg,64,0.0097,708,2239,32000000000,970000,32000970000
tmSYtsqMNQQZp1dJveMm3Fa2y4ez22bLzjm,63,0.0095,122,820,31500000000,750000,31500750000
tmR3abzjVupVp91yuYDbi6VKQ4AYMwBQxvw,55,0.0083,557,2313,27500000000,620000,27500620000
tmDZRNxmGRXctG9iB2d5mgZ35uBEZpuhd3P,51,0.0077,18442,19060,25500000000,275000,25500275000
tmW4KLHnHudNE55L7ddXAgpH2JdW1xLBmk3,42,0.0064,21991,57664,21000000000,190000,21000190000
tmAdYrm4MfGDK5g53b19chUCNC3PqoE6s9n,41,0.0062,125,328,20500000000,600000,20500600000
tmMXz8XAx9empTVM89q2TzNkj5SiZKZV37n,37,0.0056,117789,117990,18500000000,0,18500000000
tmTfzpRc92bebQYybUCqXEPGd4SCpDDc7dZ,34,0.0052,36,117,17000000000,405000,17000405000
tmNK13agNuu4oGvSaweTZcUdXY2PJyVMMDQ,29,0.0044,399,2296,14500000000,565000,14500565000
tmFmjHqE6xttJW5UJD4SkJiXxdrTUtTAE5s,20,0.003,768,25514,10000000000,225000,10000225000
tmAJRt1bdkuuhGycaxPRJkVqELkuAZXKayA,17,0.0026,120,434,8500000000,425000,8500425000
tmQvCD7FspFzRdBosAoazLTJDa74qVMpdyG,7,0.0011,374117,377865,3500000000,1095000,3501095000
tmQbW6376vLeExCTDyDrBSxmopdcTtyDcws,7,0.0011,931,1146,3500000000,260000,3500260000
tmBd1Zi3GL6PtyqVJYhBGuMn1a7KBefrSPr,6,0.0009,1115,2394,3000000000,140000,3000140000
tmG3ifuF7kp4gBwBULUJPfh8gwVBb6XfSng,5,0.0008,675,741,2500000000,45000,2500045000
tmUUePAGi6c7KGdRrymzUjCercVBPFT9ZhM,3,0.0005,866,988,1500000000,40000,1500040000
tmTicoZ6iQecDsfhy5pTuxep9zJ5EgmrSBj,1,0.0002,23616,23616,500000000,0,500000000
